#{"t_start": 1635377578.2081275, "env_id": "multicomp/SumoAnts-v0"}
r,l,t,r0,r1
-156.773892,285,42.042459,2078.501049,-156.773892
