#{"t_start": 1635377564.7464852, "env_id": "multicomp/SumoAnts-v0"}
r,l,t,r0,r1
-728.343079,95,50.956715,1379.702504,-728.343079
