#{"t_start": 1635377598.531419, "env_id": "multicomp/SumoAnts-v0"}
r,l,t,r0,r1
-534.565364,232,20.037537,1951.184666,-534.565364
