#{"t_start": 1635377599.8110783, "env_id": "multicomp/SumoAnts-v0"}
r,l,t,r0,r1
540.464924,500,25.412025,681.162504,540.464924
