#{"t_start": 1636069520.6132472, "env_id": "multicomp/SumoAnts-v0"}
r,l,t,r0,r1
-534.565364,232,51.323246,1951.184666,-534.565364
