#{"t_start": 1636069567.224467, "env_id": "multicomp/SumoAnts-v0"}
r,l,t,r0,r1
540.464924,500,9.038044,681.162504,540.464924
