#{"t_start": 1636069532.192701, "env_id": "multicomp/SumoAnts-v0"}
r,l,t,r0,r1
-728.343079,95,37.788713,1379.702504,-728.343079
