#{"t_start": 1636069518.356833, "env_id": "multicomp/SumoAnts-v0"}
r,l,t,r0,r1
-156.773892,285,54.894689,2078.501049,-156.773892
